{
  "layout": {
    "base": {},
    "keys": {
      "M1": {
        "pos": [117.1050033569336, 234.16000366210938]
      },
      "M2": {
        "pos": [347.10499572753906, 99.15999984741211]
      },
      "M3": {
        "pos": [511.1050109863281, 102.15999984741211]
      },
      "M4": {
        "pos": [598.1050109863281, 61.16014862060547]
      },
      "X": {
        "pos": [505.32501220703125, 201.3290023803711]
      },
      "Y": {
        "pos": [592.3070068359375, 161.3290023803711]
      },
      "A": {
        "pos": [498.3070068359375, 301.3350067138672]
      },
      "B": {
        "pos": [584.3070068359375, 261.32899475097656]
      },
      "UP": {
        "pos": [448.50250244140625, 411.5000305175781]
      },
      "DOWN": {
        "pos": [316.78387451171875, 193.66799926757812]
      },
      "LEFT": {
        "pos": [217.6405029296875, 193.80850219726562]
      },
      "RIGHT": {
        "pos": [402.6405029296875, 244.81439208984375]
      },
      "RB": {
        "pos": [687.5775146484375, 168.83100128173828]
      },
      "LB": {
        "pos": [783.5775146484375, 187.83100128173828]
      },
      "RT": {
        "pos": [680.5715026855469, 267.83099365234375]
      },
      "LT": {
        "pos": [776.3529968261719, 286.83099365234375]
      },
      "L3": {
        "pos": [341.9654998779297, 398.5]
      },
      "R3": {
        "pos": [551.4639892578125, 385.5]
      }
    }
  }
}
